<?xml version="1.0" encoding="utf-8"?>
<extension type="module" version="3.0" client="site" method="upgrade">
    <name>mod_blackribbon</name>
    <author>www.boxs.me</author>
    <version>1.22</version>
    <description>โมดูลริบบิ้นไว้อาลัย (Joomla 3) — ใช้รูปตาม Ribbon Position (มี URL override ให้)</description>
    <files>
        <filename module="mod_blackribbon">mod_blackribbon.php</filename>
        <filename>helper.php</filename>
        <folder>tmpl</folder>
        <folder>media</folder>
        <folder>language</folder>
    </files>
    <languages>
        <language tag="en-GB">language/en-GB/en-GB.mod_blackribbon.ini</language>
        <language tag="th-TH">language/th-TH/th-TH.mod_blackribbon.ini</language>
    </languages>
    <media folder="media" destination="mod_blackribbon">
        <filename>ribbon-top-right.svg</filename>
        <filename>ribbon-top-left.svg</filename>
        <filename>ribbon-bottom-right.svg</filename>
        <filename>ribbon-bottom-left.svg</filename>
        <filename>popup-default.svg</filename>
    </media>
    <config>
        <fields name="params">
            <fieldset name="basic" label="Ribbon Settings">
                <field name="ribbon_enable" type="radio" default="1" label="MOD_BLACKRIBBON_RIBBON_ENABLE_LABEL" description="MOD_BLACKRIBBON_RIBBON_ENABLE_LABEL">
                    <option value="0">No</option>
                    <option value="1">Yes</option>
                </field>

                <field name="ribbon_url" type="text" default="" label="MOD_BLACKRIBBON_RIBBON_URL_LABEL" description="MOD_BLACKRIBBON_RIBBON_URL_DESC"/>

                <field name="position" type="list" default="top-right" label="MOD_BLACKRIBBON_POSITION_LABEL" description="MOD_BLACKRIBBON_POSITION_LABEL">
                    <option value="top-left">Top Left</option>
                    <option value="top-right">Top Right</option>
                    <option value="bottom-left">Bottom Left</option>
                    <option value="bottom-right">Bottom Right</option>
                </field>
                <field name="width" type="text" default="90px" label="MOD_BLACKRIBBON_WIDTH_LABEL" description="MOD_BLACKRIBBON_WIDTH_LABEL"/>
                <field name="height" type="text" default="90px" label="MOD_BLACKRIBBON_HEIGHT_LABEL" description="MOD_BLACKRIBBON_HEIGHT_LABEL"/>
                <field name="z_index" type="number" default="9999" min="0" max="2147483647" label="MOD_BLACKRIBBON_ZINDEX_LABEL" description="MOD_BLACKRIBBON_ZINDEX_LABEL"/>
                <field name="description" type="textarea" label="MOD_BLACKRIBBON_DESC_LABEL" description="MOD_BLACKRIBBON_DESC_LABEL" filter="string"/>

                <field name="grayscale_enable" type="radio" default="0" label="MOD_BLACKRIBBON_GRAY_ENABLE_LABEL" description="MOD_BLACKRIBBON_GRAY_ENABLE_LABEL">
                    <option value="0">No</option>
                    <option value="1">Yes</option>
                </field>
                <field name="grayscale_amount" type="number" default="100" min="0" max="100" label="MOD_BLACKRIBBON_GRAY_AMOUNT_LABEL" description="MOD_BLACKRIBBON_GRAY_AMOUNT_LABEL" showon="grayscale_enable:1"/>

                <field name="popup_enable" type="radio" default="0" label="MOD_BLACKRIBBON_POPUP_ENABLE_LABEL" description="MOD_BLACKRIBBON_POPUP_ENABLE_LABEL">
                    <option value="0">No</option>
                    <option value="1">Yes</option>
                </field>
                <field name="popup_image_url" type="text" default="" label="MOD_BLACKRIBBON_POPUP_IMG_URL_LABEL" description="MOD_BLACKRIBBON_POPUP_IMG_URL_LABEL" showon="popup_enable:1"/>
                <field name="popup_width" type="text" default="720px" label="MOD_BLACKRIBBON_POPUP_WIDTH_LABEL" description="MOD_BLACKRIBBON_POPUP_WIDTH_LABEL" showon="popup_enable:1"/>
                <field name="popup_height" type="text" default="auto" label="MOD_BLACKRIBBON_POPUP_HEIGHT_LABEL" description="MOD_BLACKRIBBON_POPUP_HEIGHT_LABEL" showon="popup_enable:1"/>
                <field name="popup_max_shows" type="number" default="1" min="0" max="1000" label="MOD_BLACKRIBBON_POPUP_MAXSHOWS_LABEL" description="MOD_BLACKRIBBON_POPUP_MAXSHOWS_LABEL" showon="popup_enable:1"/>
                <field name="popup_reset_days" type="number" default="30" min="0" max="36500" label="MOD_BLACKRIBBON_POPUP_RESET_DAYS_LABEL" description="MOD_BLACKRIBBON_POPUP_RESET_DAYS_LABEL" showon="popup_enable:1"/>
                <field name="popup_delay_ms" type="number" default="300" min="0" max="600000" label="MOD_BLACKRIBBON_POPUP_DELAY_MS_LABEL" description="MOD_BLACKRIBBON_POPUP_DELAY_MS_LABEL" showon="popup_enable:1"/>
                <field name="popup_auto_close_ms" type="number" default="0" min="0" max="3600000" label="MOD_BLACKRIBBON_POPUP_AUTO_CLOSE_MS_LABEL" description="MOD_BLACKRIBBON_POPUP_AUTO_CLOSE_MS_LABEL" showon="popup_enable:1"/>
                <field name="popup_close_text" type="text" default="Close" label="MOD_BLACKRIBBON_POPUP_CLOSE_TEXT_LABEL" description="MOD_BLACKRIBBON_POPUP_CLOSE_TEXT_LABEL" showon="popup_enable:1"/>
                <field name="popup_bg_opacity" type="text" default="0.8" label="MOD_BLACKRIBBON_POPUP_BG_OPACITY_LABEL" description="MOD_BLACKRIBBON_POPUP_BG_OPACITY_LABEL" showon="popup_enable:1"/>
                <field name="popup_click_url" type="text" default="" label="MOD_BLACKRIBBON_POPUP_CLICK_URL_LABEL" description="MOD_BLACKRIBBON_POPUP_CLICK_URL_LABEL" showon="popup_enable:1"/>
            </fieldset>
        </fields>
    </config>
</extension>
